{"cameraMode":{"drawMode":0,"name":"Shaded","section":"Shading Mode"},"sceneLighting":true,"audioPlay":false,"sceneViewState":{"showFog":true,"showMaterialUpdate":true,"showSkybox":true,"showFlares":true,"showImageEffects":true,"showParticleSystems":true},"in2DMode":false,"pivot":{"x":370.07781982421877,"y":-84.7259521484375,"z":153.71343994140626},"rotation":{"x":0.0907772034406662,"y":0.8729979395866394,"z":-0.17816267907619477,"w":0.44488415122032168},"size":344.8694152832031,"orthographic":false}