{"cameraMode":{"drawMode":0,"name":"Shaded","section":"Shading Mode"},"sceneLighting":true,"audioPlay":false,"sceneViewState":{"showFog":true,"showMaterialUpdate":true,"showSkybox":true,"showFlares":true,"showImageEffects":true,"showParticleSystems":true},"in2DMode":false,"pivot":{"x":959.8862915039063,"y":-234.22447204589845,"z":680.794189453125},"rotation":{"x":-0.21672648191452027,"y":-0.38166359066963198,"z":0.09255136549472809,"w":-0.8937560319900513},"size":1445.3443603515625,"orthographic":false}