{"cameraMode":{"drawMode":0,"name":"Shaded","section":"Shading Mode"},"sceneLighting":true,"audioPlay":false,"sceneViewState":{"showFog":true,"showMaterialUpdate":false,"showSkybox":true,"showFlares":true,"showImageEffects":true,"showParticleSystems":true},"in2DMode":false,"pivot":{"x":-0.5301187038421631,"y":-1.3921618461608887,"z":0.22262448072433473},"rotation":{"x":0.10627825558185578,"y":0.8931275606155396,"z":-0.32582464814186098,"w":0.2913223206996918},"size":12.70000171661377,"orthographic":false}