{"cameraMode":{"drawMode":0,"name":"Shaded","section":"Shading Mode"},"sceneLighting":true,"audioPlay":false,"sceneViewState":{"showFog":false,"showMaterialUpdate":false,"showSkybox":true,"showFlares":false,"showImageEffects":false,"showParticleSystems":false},"in2DMode":false,"pivot":{"x":6.186485290527344,"y":4.788252830505371,"z":-0.29209232330322268},"rotation":{"x":0.015222039073705674,"y":-0.9813093543052673,"z":0.08746583759784699,"w":0.17076894640922547},"size":11.671928405761719,"orthographic":false}