{"cameraMode":{"drawMode":0,"name":"Shaded","section":"Shading Mode"},"sceneLighting":true,"audioPlay":false,"sceneViewState":{"showFog":false,"showMaterialUpdate":false,"showSkybox":true,"showFlares":false,"showImageEffects":false,"showParticleSystems":false},"in2DMode":false,"pivot":{"x":15.63312816619873,"y":5.306870460510254,"z":6.616400718688965},"rotation":{"x":-0.01773432083427906,"y":0.5706859827041626,"z":0.012330994941294194,"w":0.8208902478218079},"size":39.18353271484375,"orthographic":false}